,mean_fit_time,std_fit_time,mean_score_time,std_score_time,param_penalty,param_C,params,split0_test_score,split1_test_score,split2_test_score,split3_test_score,split4_test_score,mean_test_score,std_test_score,rank_test_score,split0_train_score,split1_train_score,split2_train_score,split3_train_score,split4_train_score,mean_train_score,std_train_score
0,0.1606226921081543,0.007933776908646913,0.004414844512939453,0.00014406105232075433,l2,7.898000000000001,"{'penalty': 'l2', 'C': 7.898000000000001}",0.7315297578349795,0.8679175305839911,0.7968511125745006,1.0,0.7782896421160245,0.8349176086218991,0.09347301556585413,4,0.9622732235384021,0.9713579438805788,0.9806673721833482,0.9622732235384021,0.9713636347030061,0.9695870795687475,0.006870952962237398
1,0.05801215171813965,0.00543689289629816,0.004849720001220703,0.00012827534643124254,l1,0.431,"{'penalty': 'l1', 'C': 0.431}",0.6414833531833596,0.6530948720012251,0.7068367872865775,0.7968511125745006,0.7719841941125453,0.7140500638316417,0.06204171401280265,98,0.7603156534463061,0.7167208594910582,0.7394537409605688,0.7085372158946589,0.7182426315648248,0.7286540202714834,0.01883919394033267
2,0.09559469223022461,0.009422162599339572,0.004852771759033203,7.475629660357367e-05,l1,2.6959999999999997,"{'penalty': 'l1', 'C': 2.6959999999999997}",0.632966220337609,0.8166572927845973,0.7486828664076032,0.962280755272859,0.750825395576527,0.782282506075839,0.10769849994194633,72,0.9199156914527407,0.9042603133817209,0.9042603133817209,0.8892604203111264,0.8820163013830934,0.8999426079820806,0.01320356637337426
3,0.11886463165283204,0.006023084052862215,0.0042568683624267575,0.0004936680291248606,l1,5.9830000000000005,"{'penalty': 'l1', 'C': 5.9830000000000005}",0.6782089934838971,0.7257846945650099,0.7718739823105317,1.0,0.7782896421160245,0.7908314624950926,0.11061922341043477,56,0.9622732235384021,0.9713579438805788,0.9534040114795577,0.9534040114795577,0.9713636347030061,0.9623605650162205,0.008030634112669844
4,0.11700315475463867,0.0139518707594626,0.005496072769165039,0.0023391692323828594,l1,5.643000000000001,"{'penalty': 'l1', 'C': 5.643000000000001}",0.6782089934838971,0.7257846945650099,0.7718739823105317,1.0,0.7782896421160245,0.7908314624950926,0.11061922341043477,56,0.9447416279879748,0.9713579438805788,0.9534040114795577,0.9447416279879748,0.9713636347030061,0.9571217692078184,0.01204870879280389
5,0.122767972946167,0.0033946336608790995,0.004185152053833008,0.0004136180008030174,l2,3.133,"{'penalty': 'l2', 'C': 3.133}",0.703704043847507,0.8679175305839911,0.7968511125745006,1.0,0.7782896421160245,0.8293524658244046,0.10005910354740821,16,0.936277876077207,0.9199156914527407,0.9534040114795577,0.9280050074679562,0.9362907774551166,0.9347786727865156,0.011119604925015559
6,0.137024450302124,0.012749457508562155,0.004538440704345703,0.0002866949697839514,l1,8.426,"{'penalty': 'l1', 'C': 8.426}",0.6289321748328134,0.7024201013240704,0.7718739823105317,1.0,0.7782896421160245,0.776303180116688,0.1242905898132628,79,0.9806673721833482,0.9806673721833482,0.9806673721833482,0.9806673721833482,0.9902131950093671,0.9825765367485519,0.0038183291304075607
7,0.1003915786743164,0.009717995824791817,0.006508779525756836,0.0024870603579255778,l1,2.214,"{'penalty': 'l1', 'C': 2.214}",0.6127340136536147,0.7486828664076032,0.7270637148892779,0.962280755272859,0.7966739195824638,0.7694870539611637,0.11376520249285876,89,0.9042603133817209,0.881991649743331,0.9042603133817209,0.8678896948710082,0.8748960235438635,0.8866595989843289,0.015046933589807774
8,0.21936912536621095,0.03062245291564741,0.010066747665405273,0.0012092750906254218,l2,7.212000000000001,"{'penalty': 'l2', 'C': 7.212000000000001}",0.7315297578349795,0.8679175305839911,0.7968511125745006,1.0,0.7782896421160245,0.8349176086218991,0.09347301556585413,4,0.9534040114795577,0.9713579438805788,0.9806673721833482,0.9622732235384021,0.9713636347030061,0.9678132371569786,0.009259768801478548
9,0.2245837688446045,0.02465339168549102,0.009089851379394531,0.000878832299876538,l2,5.682,"{'penalty': 'l2', 'C': 5.682}",0.703704043847507,0.8679175305839911,0.7968511125745006,1.0,0.7782896421160245,0.8293524658244046,0.10005910354740821,16,0.9447416279879748,0.9622732235384021,0.9713579438805788,0.9534040114795577,0.9713636347030061,0.9606280883179039,0.010369716818284028
10,0.25862679481506345,0.009943945611814034,0.00981907844543457,0.00020767303313489323,l2,8.012,"{'penalty': 'l2', 'C': 8.012}",0.7315297578349795,0.8679175305839911,0.7968511125745006,1.0,0.7782896421160245,0.8349176086218991,0.09347301556585413,4,0.9713579438805788,0.9713579438805788,0.9806673721833482,0.9622732235384021,0.9713636347030061,0.9714040236371828,0.005816992602463587
11,0.15777549743652344,0.02710482694582737,0.006686592102050781,0.002196492178624481,l1,4.162000000000001,"{'penalty': 'l1', 'C': 4.162000000000001}",0.6782089934838971,0.7718739823105317,0.7718739823105317,1.0,0.7782896421160245,0.8000493200441972,0.10666444814225448,47,0.936277876077207,0.9622732235384021,0.9280050074679562,0.9120029863624695,0.9199320544788414,0.9316982295849752,0.01729617754923555
12,0.10672163963317871,0.005544010154901054,0.004921483993530274,0.00014694798327693478,l2,0.843,"{'penalty': 'l2', 'C': 0.843}",0.6547182765555194,0.8166572927845973,0.7968511125745006,0.962280755272859,0.771671104837344,0.800435708404964,0.0985198261122342,44,0.8892604203111264,0.8678896948710082,0.854335796374339,0.8287310327633128,0.8543667485138703,0.8589167385667315,0.01976925513187234
13,0.08279342651367187,0.002354615935908692,0.004841423034667969,6.439378191546229e-05,l2,0.385,"{'penalty': 'l2', 'C': 0.385}",0.6127340136536147,0.7936757901325451,0.7968511125745006,0.928019650891588,0.7268120436145384,0.7716185221733574,0.10279730280597241,88,0.8610465754226935,0.843380058587308,0.8412938580238387,0.8049254254823035,0.8287680318617378,0.8358827898755763,0.018588614749225983
14,0.1173940658569336,0.015689380359992854,0.004473304748535157,0.00042246842750847736,l2,1.2169999999999999,"{'penalty': 'l2', 'C': 1.2169999999999999}",0.6782089934838971,0.8413278632969932,0.7968511125745006,1.0,0.771671104837344,0.817611814838547,0.10564336537286123,34,0.9042603133817209,0.881991649743331,0.8892604203111264,0.8610465754226935,0.889283453073872,0.8851684823865487,0.014072196784441614
15,0.13156657218933104,0.004465342856005784,0.005047988891601562,0.0014532710128579852,l2,2.656,"{'penalty': 'l2', 'C': 2.656}",0.703704043847507,0.8413278632969932,0.7968511125745006,1.0,0.750825395576527,0.8185416830591056,0.10167594662939679,32,0.936277876077207,0.9199156914527407,0.936277876077207,0.9280050074679562,0.9199320544788414,0.9280817011107905,0.007313834890617638
16,0.13138761520385742,0.0034379615352091927,0.0051062583923339845,0.001311936895909082,l2,2.526,"{'penalty': 'l2', 'C': 2.526}",0.703704043847507,0.8413278632969932,0.7968511125745006,1.0,0.7255423196197438,0.813485067867749,0.10547561788267058,38,0.9280050074679562,0.9199156914527407,0.936277876077207,0.9120029863624695,0.9199320544788414,0.9232267231678429,0.008257779771600927
17,0.11058177947998046,0.008375908538534553,0.006394624710083008,0.0028928207137080704,l1,3.211,"{'penalty': 'l1', 'C': 3.211}",0.6547182765555194,0.8166572927845973,0.7486828664076032,0.962280755272859,0.750825395576527,0.7866329173194211,0.10186018213731769,65,0.9280050074679562,0.9280050074679562,0.9120029863624695,0.8892604203111264,0.896702827637506,0.910795249849403,0.0158502705914107
18,0.1288691520690918,0.015966200762029262,0.004226493835449219,0.00039540955910161515,l1,8.785,"{'penalty': 'l1', 'C': 8.785}",0.6289321748328134,0.7024201013240704,0.7718739823105317,1.0,0.7782896421160245,0.776303180116688,0.1242905898132628,79,0.9806673721833482,0.9806673721833482,0.9806673721833482,0.9806673721833482,0.9902131950093671,0.9825765367485519,0.0038183291304075607
19,0.15004429817199708,0.004747877400637037,0.004598236083984375,0.0006780644274600631,l2,9.885,"{'penalty': 'l2', 'C': 9.885}",0.7620922384701913,0.8679175305839911,0.7968511125745006,1.0,0.7782896421160245,0.8410301047489416,0.08730830086280619,1,0.9713579438805788,0.9806673721833482,0.9806673721833482,0.9806673721833482,0.9902131950093671,0.9807146510879982,0.005962835102130907
20,0.10249800682067871,0.006495377980984419,0.005768394470214844,0.001277416617980479,l1,3.199,"{'penalty': 'l1', 'C': 3.199}",0.6547182765555194,0.8166572927845973,0.7486828664076032,0.962280755272859,0.750825395576527,0.7866329173194211,0.10186018213731769,65,0.9280050074679562,0.9280050074679562,0.9120029863624695,0.8892604203111264,0.896702827637506,0.910795249849403,0.0158502705914107
21,0.10753450393676758,0.007094742167129083,0.00511021614074707,0.0007093786607338392,l1,4.3340000000000005,"{'penalty': 'l1', 'C': 4.3340000000000005}",0.6782089934838971,0.7718739823105317,0.7718739823105317,1.0,0.7782896421160245,0.8000493200441972,0.10666444814225448,47,0.936277876077207,0.9622732235384021,0.9280050074679562,0.9120029863624695,0.9199320544788414,0.9316982295849752,0.01729617754923555
22,0.12565150260925292,0.011305458318619774,0.004719924926757812,0.0012984345022991448,l1,9.472,"{'penalty': 'l1', 'C': 9.472}",0.6289321748328134,0.7257846945650099,0.7718739823105317,1.0,0.7782896421160245,0.780976098764876,0.12184004332545176,75,0.9902112688899151,0.9806673721833482,0.9806673721833482,0.9806673721833482,0.9902131950093671,0.9844853160898653,0.004676007258437564
23,0.14487338066101074,0.001241785311188287,0.004542112350463867,0.0013086850231708673,l2,9.216,"{'penalty': 'l2', 'C': 9.216}",0.7315297578349795,0.8679175305839911,0.7968511125745006,1.0,0.7782896421160245,0.8349176086218991,0.09347301556585413,4,0.9713579438805788,0.9806673721833482,0.9806673721833482,0.9622732235384021,0.9902131950093671,0.9770358213590089,0.009488857530532569
24,0.11649303436279297,0.009382165812534182,0.004516744613647461,0.0003621968737372739,l2,1.3739999999999999,"{'penalty': 'l2', 'C': 1.3739999999999999}",0.6782089934838971,0.8413278632969932,0.7968511125745006,1.0,0.771671104837344,0.817611814838547,0.10564336537286123,34,0.9120029863624695,0.8892604203111264,0.8892604203111264,0.8610465754226935,0.889283453073872,0.8881707710962576,0.016169781739028468
25,0.06352477073669434,0.0055901162838783046,0.004848289489746094,8.516736142812637e-05,l2,0.095,"{'penalty': 'l2', 'C': 0.095}",0.6236626951475239,0.7721902213897955,0.6414833531833596,0.7718739823105317,0.6875521968931968,0.6993524897848815,0.06289949271508943,99,0.754453230514988,0.7231110992018815,0.7769728918652598,0.7394537409605688,0.7408407736699402,0.7469663472425276,0.017997115908684476
26,0.13995952606201173,0.022516868104691466,0.0064239978790283205,0.002388632810797616,l1,9.56,"{'penalty': 'l1', 'C': 9.56}",0.6289321748328134,0.7257846945650099,0.7718739823105317,1.0,0.7782896421160245,0.780976098764876,0.12184004332545176,75,0.9902112688899151,0.9806673721833482,0.9806673721833482,0.9806673721833482,0.9902131950093671,0.9844853160898653,0.004676007258437564
27,0.2090005874633789,0.0045121330410745055,0.010845804214477539,0.0019259400201202845,l2,1.503,"{'penalty': 'l2', 'C': 1.503}",0.6782089934838971,0.8413278632969932,0.7968511125745006,1.0,0.771671104837344,0.817611814838547,0.10564336537286123,34,0.9120029863624695,0.8892604203111264,0.8966814324875407,0.8678896948710082,0.896702827637506,0.8925074723339301,0.014364374896088486
28,0.17615585327148436,0.012199775472274778,0.008629179000854493,0.0020036093195721074,l2,0.9500000000000001,"{'penalty': 'l2', 'C': 0.9500000000000001}",0.6547182765555194,0.8166572927845973,0.7968511125745006,0.962280755272859,0.771671104837344,0.800435708404964,0.0985198261122342,44,0.8892604203111264,0.8678896948710082,0.8678896948710082,0.8477529567085876,0.8679175305839911,0.8681420594691444,0.013129192397354494
29,0.18348002433776855,0.011497330102732585,0.009785032272338868,0.0009400217892556538,l2,0.634,"{'penalty': 'l2', 'C': 0.634}",0.632966220337609,0.8413278632969932,0.7968511125745006,0.962280755272859,0.771671104837344,0.8010194112638611,0.10653690924882277,43,0.8892604203111264,0.8678896948710082,0.8477529567085876,0.8226198198665958,0.8543667485138703,0.8563779280542377,0.02205367957749207
30,0.19130296707153321,0.027462404055360386,0.0071527957916259766,0.0022671182244080536,l1,8.956999999999999,"{'penalty': 'l1', 'C': 8.956999999999999}",0.6289321748328134,0.7024201013240704,0.7718739823105317,1.0,0.7782896421160245,0.776303180116688,0.1242905898132628,79,0.9806673721833482,0.9806673721833482,0.9806673721833482,0.9806673721833482,0.9902131950093671,0.9825765367485519,0.0038183291304075607
31,0.12862005233764648,0.015067411161988759,0.0044285297393798825,0.000339077813532053,l1,5.698,"{'penalty': 'l1', 'C': 5.698}",0.6782089934838971,0.7257846945650099,0.7718739823105317,1.0,0.7782896421160245,0.7908314624950926,0.11061922341043477,56,0.9534040114795577,0.9713579438805788,0.9534040114795577,0.9534040114795577,0.9713636347030061,0.9605867226044517,0.008796988796972431
32,0.08459229469299316,0.005596072605248645,0.005071163177490234,0.0004039134425823553,l1,1.779,"{'penalty': 'l1', 'C': 1.779}",0.6127340136536147,0.7068367872865775,0.7068367872865775,0.962280755272859,0.771671104837344,0.7520718896673946,0.11668707647486216,92,0.8748697711238906,0.854335796374339,0.8748697711238906,0.8477529567085876,0.8543667485138703,0.8612390087689157,0.011387284727336865
33,0.09225516319274903,0.012019984558603881,0.004899740219116211,0.00023115396242656268,l1,1.946,"{'penalty': 'l1', 'C': 1.946}",0.5938395644027435,0.7270637148892779,0.7068367872865775,0.962280755272859,0.7966739195824638,0.7573389482867844,0.121447511930854,91,0.8892604203111264,0.8678896948710082,0.8748697711238906,0.854335796374339,0.8679175305839911,0.8708546426528712,0.011359434254152184
34,0.12233710289001465,0.011679766150681947,0.004734516143798828,0.00040933677509219084,l1,4.420000000000001,"{'penalty': 'l1', 'C': 4.420000000000001}",0.6782089934838971,0.7718739823105317,0.7718739823105317,1.0,0.7782896421160245,0.8000493200441972,0.10666444814225448,47,0.936277876077207,0.9622732235384021,0.9280050074679562,0.9120029863624695,0.9199320544788414,0.9316982295849752,0.01729617754923555
35,0.12506442070007323,0.010135056857302862,0.00417637825012207,0.0004765186199534181,l1,7.252000000000001,"{'penalty': 'l1', 'C': 7.252000000000001}",0.6289321748328134,0.7024201013240704,0.7718739823105317,1.0,0.7782896421160245,0.776303180116688,0.1242905898132628,79,0.9622732235384021,0.9713579438805788,0.9806673721833482,0.9534040114795577,0.9902131950093671,0.9715831492182507,0.01301390176380238
36,0.14235754013061525,0.004939461889085287,0.003994941711425781,0.00010171898931803243,l2,5.314,"{'penalty': 'l2', 'C': 5.314}",0.703704043847507,0.8679175305839911,0.7968511125745006,1.0,0.7782896421160245,0.8293524658244046,0.10005910354740821,16,0.936277876077207,0.9622732235384021,0.9713579438805788,0.9534040114795577,0.962280755272859,0.9571187620497209,0.011866851700464691
37,0.10327978134155273,0.009081810100506094,0.0057274818420410155,0.0012103591917468912,l1,4.397,"{'penalty': 'l1', 'C': 4.397}",0.6782089934838971,0.7718739823105317,0.7718739823105317,1.0,0.7782896421160245,0.8000493200441972,0.10666444814225448,47,0.936277876077207,0.9622732235384021,0.9280050074679562,0.9120029863624695,0.9199320544788414,0.9316982295849752,0.01729617754923555
38,0.14930119514465331,0.0108512194345336,0.004847335815429688,0.000925066512881372,l2,5.2780000000000005,"{'penalty': 'l2', 'C': 5.2780000000000005}",0.703704043847507,0.8679175305839911,0.7968511125745006,1.0,0.7782896421160245,0.8293524658244046,0.10005910354740821,16,0.936277876077207,0.9622732235384021,0.9713579438805788,0.9534040114795577,0.962280755272859,0.9571187620497209,0.011866851700464691
39,0.14469408988952637,0.007336468943352983,0.0041806697845458984,0.00022917842523500765,l2,5.127000000000001,"{'penalty': 'l2', 'C': 5.127000000000001}",0.703704043847507,0.8679175305839911,0.7968511125745006,1.0,0.7782896421160245,0.8293524658244046,0.10005910354740821,16,0.936277876077207,0.9622732235384021,0.9713579438805788,0.9534040114795577,0.9534133579454487,0.9553452825842388,0.011622981931259381
40,0.13145027160644532,0.007297866102053274,0.004397726058959961,0.0006356487498263908,l2,4.2170000000000005,"{'penalty': 'l2', 'C': 4.2170000000000005}",0.703704043847507,0.8679175305839911,0.7968511125745006,1.0,0.7782896421160245,0.8293524658244046,0.10005910354740821,16,0.936277876077207,0.9447416279879748,0.9622732235384021,0.936277876077207,0.9534133579454487,0.946596792325248,0.010085809459053952
41,0.1444094181060791,0.012698874793526528,0.0049876213073730465,0.0013727885028893313,l2,5.117000000000001,"{'penalty': 'l2', 'C': 5.117000000000001}",0.703704043847507,0.8679175305839911,0.7968511125745006,1.0,0.7782896421160245,0.8293524658244046,0.10005910354740821,16,0.936277876077207,0.9622732235384021,0.9713579438805788,0.9534040114795577,0.9534133579454487,0.9553452825842388,0.011622981931259381
42,0.11504278182983399,0.00824367639811626,0.004421758651733399,0.0004217671000008866,l1,5.509,"{'penalty': 'l1', 'C': 5.509}",0.6782089934838971,0.7257846945650099,0.7718739823105317,1.0,0.7782896421160245,0.7908314624950926,0.11061922341043477,56,0.9447416279879748,0.9713579438805788,0.9534040114795577,0.936277876077207,0.962280755272859,0.9536124429396354,0.012403745017046225
43,0.08259758949279786,0.00949553803660427,0.004828119277954101,0.00013294084854752875,l1,1.307,"{'penalty': 'l1', 'C': 1.307}",0.632966220337609,0.7068367872865775,0.7068367872865775,0.928019650891588,0.7065618047809736,0.736244250116665,0.10005478607117022,94,0.8678896948710082,0.8477529567085876,0.8610465754226935,0.80553249111125,0.8413278632969932,0.8447099162821065,0.02172444516094991
44,0.14614591598510743,0.0035046159321673147,0.003981542587280273,8.638078520421881e-05,l2,7.894,"{'penalty': 'l2', 'C': 7.894}",0.7315297578349795,0.8679175305839911,0.7968511125745006,1.0,0.7782896421160245,0.8349176086218991,0.09347301556585413,4,0.9622732235384021,0.9713579438805788,0.9806673721833482,0.9622732235384021,0.9713636347030061,0.9695870795687475,0.006870952962237398
45,0.21296539306640624,0.029570633153371294,0.008681964874267579,0.002074890382755558,l2,8.58,"{'penalty': 'l2', 'C': 8.58}",0.7315297578349795,0.8679175305839911,0.7968511125745006,1.0,0.7782896421160245,0.8349176086218991,0.09347301556585413,4,0.9713579438805788,0.9713579438805788,0.9806673721833482,0.9622732235384021,0.9902131950093671,0.9751739356984551,0.009506935640669354
46,0.185891056060791,0.013290404464737258,0.009118413925170899,0.00017289780015423517,l1,6.104,"{'penalty': 'l1', 'C': 6.104}",0.6782089934838971,0.7257846945650099,0.7718739823105317,1.0,0.7782896421160245,0.7908314624950926,0.11061922341043477,56,0.9622732235384021,0.9713579438805788,0.9534040114795577,0.9534040114795577,0.9713636347030061,0.9623605650162205,0.008030634112669844
47,0.17155022621154786,0.014260704599570333,0.008328723907470702,0.0025442650184179837,l1,4.114000000000001,"{'penalty': 'l1', 'C': 4.114000000000001}",0.6782089934838971,0.7718739823105317,0.7718739823105317,1.0,0.7782896421160245,0.8000493200441972,0.10666444814225448,47,0.9280050074679562,0.9622732235384021,0.9280050074679562,0.9120029863624695,0.9199320544788414,0.9300436558631251,0.01717421000034669
48,0.25289440155029297,0.027105541513140284,0.010618495941162109,0.0008988965569430028,l2,7.271000000000001,"{'penalty': 'l2', 'C': 7.271000000000001}",0.7315297578349795,0.8679175305839911,0.7968511125745006,1.0,0.7782896421160245,0.8349176086218991,0.09347301556585413,4,0.9534040114795577,0.9713579438805788,0.9806673721833482,0.9622732235384021,0.9713636347030061,0.9678132371569786,0.009259768801478548
49,0.09906330108642578,0.009559159852347654,0.005739450454711914,0.0011486634018389517,l1,1.577,"{'penalty': 'l1', 'C': 1.577}",0.632966220337609,0.7068367872865775,0.7068367872865775,0.962280755272859,0.7268120436145384,0.7471465187596322,0.11223468274126075,93,0.8748697711238906,0.854335796374339,0.8678896948710082,0.8412938580238387,0.8477854430693623,0.8572349126924879,0.012460555290200532
50,0.10843806266784668,0.005145683396868369,0.005067968368530273,0.00015397813878943427,l2,0.793,"{'penalty': 'l2', 'C': 0.793}",0.6547182765555194,0.8166572927845973,0.7968511125745006,0.962280755272859,0.771671104837344,0.800435708404964,0.0985198261122342,44,0.8892604203111264,0.8678896948710082,0.854335796374339,0.8287310327633128,0.8543667485138703,0.8589167385667315,0.01976925513187234
51,0.1344113826751709,0.004876696598584956,0.00435943603515625,0.00017111329160638325,l2,1.972,"{'penalty': 'l2', 'C': 1.972}",0.703704043847507,0.8413278632969932,0.7968511125745006,1.0,0.7255423196197438,0.813485067867749,0.10547561788267058,38,0.9199156914527407,0.9042603133817209,0.9120029863624695,0.9042603133817209,0.9042800515129292,0.9089438712183162,0.006250786622234626
52,0.15564842224121095,0.004587536318161698,0.0044537544250488285,0.00020976356548569415,l2,9.729,"{'penalty': 'l2', 'C': 9.729}",0.7620922384701913,0.8679175305839911,0.7968511125745006,1.0,0.7782896421160245,0.8410301047489416,0.08730830086280619,1,0.9713579438805788,0.9806673721833482,0.9806673721833482,0.9806673721833482,0.9902131950093671,0.9807146510879982,0.005962835102130907
53,0.10079097747802734,0.0034236847490932013,0.0051763057708740234,2.80459710623169e-05,l2,0.511,"{'penalty': 'l2', 'C': 0.511}",0.6127340136536147,0.7936757901325451,0.7968511125745006,0.962280755272859,0.771671104837344,0.7874425552941727,0.11087613224686131,63,0.8748697711238906,0.8610465754226935,0.8477529567085876,0.8049254254823035,0.8349900020404533,0.8447169461555857,0.02392925224472971
54,0.1509242057800293,0.009443877810980121,0.004579734802246094,0.00039159583241348835,l2,5.827000000000001,"{'penalty': 'l2', 'C': 5.827000000000001}",0.703704043847507,0.8679175305839911,0.7968511125745006,1.0,0.7782896421160245,0.8293524658244046,0.10005910354740821,16,0.9447416279879748,0.9622732235384021,0.9713579438805788,0.9534040114795577,0.9713636347030061,0.9606280883179039,0.010369716818284028
55,0.14853057861328126,0.007251185694710139,0.004913759231567383,0.0008533947759679785,l2,5.4030000000000005,"{'penalty': 'l2', 'C': 5.4030000000000005}",0.703704043847507,0.8679175305839911,0.7968511125745006,1.0,0.7782896421160245,0.8293524658244046,0.10005910354740821,16,0.936277876077207,0.9622732235384021,0.9713579438805788,0.9534040114795577,0.962280755272859,0.9571187620497209,0.011866851700464691
56,0.15123605728149414,0.005447405649721251,0.004918098449707031,0.0017057600482142698,l2,6.7090000000000005,"{'penalty': 'l2', 'C': 6.7090000000000005}",0.7315297578349795,0.8679175305839911,0.7968511125745006,1.0,0.7782896421160245,0.8349176086218991,0.09347301556585413,4,0.9534040114795577,0.9713579438805788,0.9713579438805788,0.9622732235384021,0.9713636347030061,0.9659513514964247,0.007193325499370801
57,0.13061671257019042,0.009314230813717845,0.003930282592773437,2.171751159591987e-05,l2,3.995,"{'penalty': 'l2', 'C': 3.995}",0.703704043847507,0.8679175305839911,0.7968511125745006,1.0,0.7782896421160245,0.8293524658244046,0.10005910354740821,16,0.936277876077207,0.9447416279879748,0.9622732235384021,0.9280050074679562,0.9534133579454487,0.9449422186033978,0.012116964329915839
58,0.11050405502319335,0.008743979662820756,0.004596853256225586,0.00036602048217897936,l1,4.847,"{'penalty': 'l1', 'C': 4.847}",0.6782089934838971,0.7257846945650099,0.7718739823105317,1.0,0.7782896421160245,0.7908314624950926,0.11061922341043477,56,0.9447416279879748,0.9622732235384021,0.9280050074679562,0.9280050074679562,0.928019650891588,0.9382089034707753,0.01366621999918026
59,0.11730637550354003,0.009464780550699176,0.004435491561889648,0.00045458435623222374,l1,6.496,"{'penalty': 'l1', 'C': 6.496}",0.6782089934838971,0.7024201013240704,0.7718739823105317,1.0,0.7782896421160245,0.7861585438469048,0.1137183968073226,70,0.9622732235384021,0.9713579438805788,0.9713579438805788,0.9534040114795577,0.9713636347030061,0.9659513514964247,0.007193325499370801
60,0.12873144149780275,0.008201160709451443,0.004424190521240235,0.0006862932301568358,l2,3.437,"{'penalty': 'l2', 'C': 3.437}",0.703704043847507,0.8679175305839911,0.7968511125745006,1.0,0.7782896421160245,0.8293524658244046,0.10005910354740821,16,0.936277876077207,0.9280050074679562,0.9534040114795577,0.9280050074679562,0.9447527640158404,0.9380889333017036,0.009855042446300184
61,0.12413363456726074,0.0033435966528922493,0.0047130584716796875,0.0013113223074322775,l2,2.838,"{'penalty': 'l2', 'C': 2.838}",0.703704043847507,0.8413278632969932,0.7968511125745006,1.0,0.750825395576527,0.8185416830591056,0.10167594662939679,32,0.936277876077207,0.9199156914527407,0.936277876077207,0.9280050074679562,0.928019650891588,0.9296992203933397,0.006131332169978229
62,0.07217955589294434,0.013127251118906095,0.0069163799285888675,0.0036863561786563918,l2,0.081,"{'penalty': 'l2', 'C': 0.081}",0.6236626951475239,0.7721902213897955,0.6414833531833596,0.7718739823105317,0.6875521968931968,0.6993524897848815,0.06289949271508943,99,0.754453230514988,0.7067684574431943,0.7715476622434105,0.729514082578916,0.7359902645107732,0.7396547394582564,0.02206319425965068
63,0.2015202522277832,0.02605762115423887,0.009635686874389648,0.001879948629244651,l2,2.149,"{'penalty': 'l2', 'C': 2.149}",0.703704043847507,0.8413278632969932,0.7968511125745006,1.0,0.7255423196197438,0.813485067867749,0.10547561788267058,38,0.9199156914527407,0.9120029863624695,0.9120029863624695,0.9042603133817209,0.9042800515129292,0.9104924058144659,0.005844558862097771
64,0.18674674034118652,0.009421101609706082,0.00960545539855957,0.0003115623997665646,l2,0.498,"{'penalty': 'l2', 'C': 0.498}",0.6127340136536147,0.7936757901325451,0.7968511125745006,0.962280755272859,0.771671104837344,0.7874425552941727,0.11087613224686131,63,0.8678896948710082,0.854335796374339,0.8477529567085876,0.8049254254823035,0.8349900020404533,0.8419787750953382,0.021350440642629073
65,0.19111452102661133,0.010773202666849951,0.009786844253540039,0.0006874169380635269,l1,5.768000000000001,"{'penalty': 'l1', 'C': 5.768000000000001}",0.6782089934838971,0.7257846945650099,0.7718739823105317,1.0,0.7782896421160245,0.7908314624950926,0.11061922341043477,56,0.9534040114795577,0.9713579438805788,0.9534040114795577,0.9534040114795577,0.9713636347030061,0.9605867226044517,0.008796988796972431
66,0.20346660614013673,0.0027272244093690078,0.009843587875366211,0.0013883371684860763,l2,3.815,"{'penalty': 'l2', 'C': 3.815}",0.703704043847507,0.8679175305839911,0.7968511125745006,1.0,0.7782896421160245,0.8293524658244046,0.10005910354740821,16,0.936277876077207,0.936277876077207,0.9622732235384021,0.9280050074679562,0.9534133579454487,0.9432494682212443,0.012607995069772358
67,0.06000595092773438,0.005668076049362297,0.004781484603881836,5.803815395801077e-05,l1,0.509,"{'penalty': 'l1', 'C': 0.509}",0.6604516396460107,0.6699731070124156,0.6878498776408093,0.8413278632969932,0.7268120436145384,0.7172829062421535,0.06604887428037863,97,0.7769728918652598,0.7436584150273525,0.7557963827192561,0.729514082578916,0.7086054553278751,0.742909445503732,0.023165284259173986
68,0.1332493782043457,0.007092256812568984,0.004091835021972657,0.00026018096837655694,l2,4.265000000000001,"{'penalty': 'l2', 'C': 4.265000000000001}",0.703704043847507,0.8679175305839911,0.7968511125745006,1.0,0.7782896421160245,0.8293524658244046,0.10005910354740821,16,0.936277876077207,0.9447416279879748,0.9622732235384021,0.936277876077207,0.9534133579454487,0.946596792325248,0.010085809459053952
69,0.1340996265411377,0.016142765826722624,0.004809665679931641,0.0007688497172091836,l1,8.632,"{'penalty': 'l1', 'C': 8.632}",0.6289321748328134,0.7024201013240704,0.7718739823105317,1.0,0.7782896421160245,0.776303180116688,0.1242905898132628,79,0.9806673721833482,0.9806673721833482,0.9806673721833482,0.9806673721833482,0.9902131950093671,0.9825765367485519,0.0038183291304075607
70,0.11572637557983398,0.009124750288382315,0.0047332763671875,0.0004052979074302266,l1,4.635000000000001,"{'penalty': 'l1', 'C': 4.635000000000001}",0.6782089934838971,0.7718739823105317,0.7718739823105317,1.0,0.7782896421160245,0.8000493200441972,0.10666444814225448,47,0.936277876077207,0.9622732235384021,0.9280050074679562,0.9199156914527407,0.928019650891588,0.9348982898855788,0.014632850188907462
71,0.14144587516784668,0.004311300555425522,0.004316568374633789,0.0006569214564799384,l2,6.093000000000001,"{'penalty': 'l2', 'C': 6.093000000000001}",0.7315297578349795,0.8679175305839911,0.7968511125745006,1.0,0.7782896421160245,0.8349176086218991,0.09347301556585413,4,0.9447416279879748,0.9713579438805788,0.9713579438805788,0.9534040114795577,0.9713636347030061,0.9624450323863393,0.011256749408421989
72,0.12580385208129882,0.007291345347408633,0.003906440734863281,5.5241003391530555e-05,l2,3.166,"{'penalty': 'l2', 'C': 3.166}",0.703704043847507,0.8679175305839911,0.7968511125745006,1.0,0.7782896421160245,0.8293524658244046,0.10005910354740821,16,0.936277876077207,0.9199156914527407,0.9534040114795577,0.9280050074679562,0.9362907774551166,0.9347786727865156,0.011119604925015559
73,0.13508319854736328,0.010331223505534275,0.005150985717773437,0.0014140464177094113,l2,4.2860000000000005,"{'penalty': 'l2', 'C': 4.2860000000000005}",0.703704043847507,0.8679175305839911,0.7968511125745006,1.0,0.7782896421160245,0.8293524658244046,0.10005910354740821,16,0.936277876077207,0.9447416279879748,0.9622732235384021,0.936277876077207,0.9534133579454487,0.946596792325248,0.010085809459053952
74,0.10919904708862305,0.008086745504935475,0.004830503463745117,0.00038783445834181474,l1,3.605,"{'penalty': 'l1', 'C': 3.605}",0.6547182765555194,0.8166572927845973,0.7486828664076032,1.0,0.750825395576527,0.7941767662648493,0.1151227903019939,55,0.9280050074679562,0.9447416279879748,0.9280050074679562,0.9042603133817209,0.9042800515129292,0.9218584015637076,0.015607015589389596
75,0.09258518218994141,0.006604453783425189,0.004766511917114258,3.27189522092142e-05,l1,2.639,"{'penalty': 'l1', 'C': 2.639}",0.632966220337609,0.8166572927845973,0.7486828664076032,0.962280755272859,0.750825395576527,0.782282506075839,0.10769849994194633,72,0.9199156914527407,0.9042603133817209,0.9042603133817209,0.8892604203111264,0.8820163013830934,0.8999426079820806,0.01320356637337426
76,0.1343700408935547,0.019283501299223706,0.0042496204376220705,0.0003097133290488016,l1,9.224,"{'penalty': 'l1', 'C': 9.224}",0.6289321748328134,0.7257846945650099,0.7718739823105317,1.0,0.7782896421160245,0.780976098764876,0.12184004332545176,75,0.9806673721833482,0.9806673721833482,0.9806673721833482,0.9806673721833482,0.9902131950093671,0.9825765367485519,0.0038183291304075607
77,0.13020381927490235,0.008990680508560308,0.004271364212036133,5.170608081277421e-05,l1,8.225,"{'penalty': 'l1', 'C': 8.225}",0.6289321748328134,0.7024201013240704,0.7718739823105317,1.0,0.7782896421160245,0.776303180116688,0.1242905898132628,79,0.9806673721833482,0.9713579438805788,0.9806673721833482,0.9806673721833482,0.9902131950093671,0.9807146510879982,0.005962835102130907
78,0.1315000057220459,0.010185335944441551,0.004525661468505859,0.00039050194708534187,l1,8.109,"{'penalty': 'l1', 'C': 8.109}",0.6289321748328134,0.7024201013240704,0.7718739823105317,1.0,0.7782896421160245,0.776303180116688,0.1242905898132628,79,0.9806673721833482,0.9713579438805788,0.9806673721833482,0.9806673721833482,0.9902131950093671,0.9807146510879982,0.005962835102130907
79,0.10572943687438965,0.009194863538778414,0.004833602905273437,0.0005189095363231705,l1,4.0040000000000004,"{'penalty': 'l1', 'C': 4.0040000000000004}",0.6547182765555194,0.7718739823105317,0.7718739823105317,1.0,0.7782896421160245,0.7953511766585215,0.11229622144692494,54,0.9280050074679562,0.9622732235384021,0.9280050074679562,0.9120029863624695,0.9199320544788414,0.9300436558631251,0.01717421000034669
80,0.07599878311157227,0.0026472079065879063,0.004803943634033203,0.00017255480384048097,l1,1.285,"{'penalty': 'l1', 'C': 1.285}",0.632966220337609,0.7068367872865775,0.7068367872865775,0.928019650891588,0.7065618047809736,0.736244250116665,0.10005478607117022,94,0.8678896948710082,0.8477529567085876,0.8610465754226935,0.80553249111125,0.8413278632969932,0.8447099162821065,0.02172444516094991
81,0.10322089195251465,0.009719995808619335,0.004637336730957032,0.0003814197030647238,l2,1.014,"{'penalty': 'l2', 'C': 1.014}",0.6547182765555194,0.8413278632969932,0.7968511125745006,0.962280755272859,0.771671104837344,0.805369822507443,0.0998179160351197,42,0.8892604203111264,0.8748697711238906,0.8678896948710082,0.854335796374339,0.8748960235438635,0.8722503412448456,0.011341516585313897
82,0.17350759506225585,0.03059109613250838,0.008397960662841797,0.0020182948036872304,l2,1.3479999999999999,"{'penalty': 'l2', 'C': 1.3479999999999999}",0.6782089934838971,0.8413278632969932,0.7968511125745006,1.0,0.771671104837344,0.817611814838547,0.10564336537286123,34,0.9120029863624695,0.8892604203111264,0.8892604203111264,0.8610465754226935,0.889283453073872,0.8881707710962576,0.016169781739028468
83,0.2142031669616699,0.020092920654843072,0.009540653228759766,0.002409066573837141,l1,7.712000000000001,"{'penalty': 'l1', 'C': 7.712000000000001}",0.6289321748328134,0.7024201013240704,0.7718739823105317,1.0,0.7782896421160245,0.776303180116688,0.1242905898132628,79,0.9806673721833482,0.9713579438805788,0.9806673721833482,0.9806673721833482,0.9902131950093671,0.9807146510879982,0.005962835102130907
84,0.16152186393737794,0.006148899649105709,0.009321165084838868,0.0003738217020745018,l1,2.63,"{'penalty': 'l1', 'C': 2.63}",0.632966220337609,0.8166572927845973,0.7486828664076032,0.962280755272859,0.750825395576527,0.782282506075839,0.10769849994194633,72,0.9199156914527407,0.9042603133817209,0.9042603133817209,0.8892604203111264,0.8820163013830934,0.8999426079820806,0.01320356637337426
85,0.1622037410736084,0.008239409264605141,0.009087228775024414,0.00011465515508301989,l1,3.3689999999999998,"{'penalty': 'l1', 'C': 3.3689999999999998}",0.6547182765555194,0.8166572927845973,0.7486828664076032,0.962280755272859,0.750825395576527,0.7866329173194211,0.10186018213731769,65,0.9280050074679562,0.936277876077207,0.9199156914527407,0.9042603133817209,0.896702827637506,0.9170323432034262,0.014666407485790244
86,0.09951105117797851,0.030319415837093595,0.006464719772338867,0.0020764814812809958,l2,0.196,"{'penalty': 'l2', 'C': 0.196}",0.6604516396460107,0.7936757901325451,0.7486828664076032,0.896702827637506,0.7065618047809736,0.7612149857209277,0.08088007819458785,90,0.8176823226527405,0.7938102624702033,0.8115522562005093,0.7824898672659907,0.7825383189404977,0.7976146055059883,0.014611615432468097
87,0.12333536148071289,0.014643984554897115,0.004244089126586914,0.00041362117816665653,l1,6.994000000000001,"{'penalty': 'l1', 'C': 6.994000000000001}",0.6289321748328134,0.7024201013240704,0.7718739823105317,1.0,0.7782896421160245,0.776303180116688,0.1242905898132628,79,0.9622732235384021,0.9713579438805788,0.9713579438805788,0.9534040114795577,0.9902131950093671,0.9697212635576969,0.012222951485538387
88,0.11853041648864746,0.013207677099500685,0.0044573783874511715,0.00045185625021587704,l1,6.3340000000000005,"{'penalty': 'l1', 'C': 6.3340000000000005}",0.6782089934838971,0.7024201013240704,0.7718739823105317,1.0,0.7782896421160245,0.7861585438469048,0.1137183968073226,70,0.9622732235384021,0.9713579438805788,0.9534040114795577,0.9534040114795577,0.9713636347030061,0.9623605650162205,0.008030634112669844
89,0.09179511070251464,0.007226593501333706,0.004932785034179687,0.0002283142224027892,l1,2.947,"{'penalty': 'l1', 'C': 2.947}",0.6547182765555194,0.8166572927845973,0.7486828664076032,0.962280755272859,0.750825395576527,0.7866329173194211,0.10186018213731769,65,0.9199156914527407,0.9199156914527407,0.9042603133817209,0.8892604203111264,0.889283453073872,0.9045271139344401,0.01370495493774835
90,0.12408356666564942,0.01007122775526442,0.004482078552246094,0.00034860267675038744,l2,1.781,"{'penalty': 'l2', 'C': 1.781}",0.6782089934838971,0.8413278632969932,0.7968511125745006,1.0,0.7255423196197438,0.8083860577950268,0.1111245007960167,41,0.9199156914527407,0.8966814324875407,0.9120029863624695,0.9042603133817209,0.9042800515129292,0.9074280950394803,0.00790323312928566
91,0.10018420219421387,0.008582901093380085,0.0051138877868652345,8.023136253101177e-05,l1,3.093,"{'penalty': 'l1', 'C': 3.093}",0.6547182765555194,0.8166572927845973,0.7486828664076032,0.962280755272859,0.750825395576527,0.7866329173194211,0.10186018213731769,65,0.9199156914527407,0.9280050074679562,0.9042603133817209,0.8892604203111264,0.896702827637506,0.90762885205021,0.01438247877727072
92,0.15065946578979492,0.0018572509675095642,0.004381227493286133,0.00021377144282898637,l2,9.741999999999999,"{'penalty': 'l2', 'C': 9.741999999999999}",0.7620922384701913,0.8679175305839911,0.7968511125745006,1.0,0.7782896421160245,0.8410301047489416,0.08730830086280619,1,0.9713579438805788,0.9806673721833482,0.9806673721833482,0.9806673721833482,0.9902131950093671,0.9807146510879982,0.005962835102130907
93,0.10083584785461426,0.008190072512954985,0.004813241958618164,0.0001041352092131239,l1,4.197,"{'penalty': 'l1', 'C': 4.197}",0.6782089934838971,0.7718739823105317,0.7718739823105317,1.0,0.7782896421160245,0.8000493200441972,0.10666444814225448,47,0.936277876077207,0.9622732235384021,0.9280050074679562,0.9120029863624695,0.9199320544788414,0.9316982295849752,0.01729617754923555
94,0.14425511360168458,0.0035757722317987114,0.004244947433471679,0.00016148613973779714,l2,6.534000000000001,"{'penalty': 'l2', 'C': 6.534000000000001}",0.7315297578349795,0.8679175305839911,0.7968511125745006,1.0,0.7782896421160245,0.8349176086218991,0.09347301556585413,4,0.9534040114795577,0.9713579438805788,0.9713579438805788,0.9622732235384021,0.9713636347030061,0.9659513514964247,0.007193325499370801
95,0.15043287277221679,0.0031170435497633367,0.004318523406982422,4.167987748825497e-05,l2,7.633000000000001,"{'penalty': 'l2', 'C': 7.633000000000001}",0.7315297578349795,0.8679175305839911,0.7968511125745006,1.0,0.7782896421160245,0.8349176086218991,0.09347301556585413,4,0.9622732235384021,0.9713579438805788,0.9806673721833482,0.9622732235384021,0.9713636347030061,0.9695870795687475,0.006870952962237398
96,0.1368847370147705,0.010407843518684774,0.004282903671264648,0.0001631450377125493,l1,9.745,"{'penalty': 'l1', 'C': 9.745}",0.6289321748328134,0.7257846945650099,0.7718739823105317,1.0,0.7782896421160245,0.780976098764876,0.12184004332545176,75,0.9902112688899151,0.9806673721833482,0.9806673721833482,1.0,0.9902131950093671,0.9883518416531956,0.007220856471409019
97,0.07311015129089356,0.004497984752470329,0.004718637466430664,8.004043718234858e-05,l1,1.228,"{'penalty': 'l1', 'C': 1.228}",0.6127340136536147,0.7068367872865775,0.7068367872865775,0.928019650891588,0.7065618047809736,0.7321978087798662,0.1044618205062428,96,0.8678896948710082,0.8367711216241654,0.8610465754226935,0.7996195896468599,0.8413278632969932,0.841330968972344,0.02389436101587056
98,0.14374198913574218,0.008576702252913262,0.004921150207519531,0.0016520064010217723,l2,5.9190000000000005,"{'penalty': 'l2', 'C': 5.9190000000000005}",0.703704043847507,0.8679175305839911,0.7968511125745006,1.0,0.7782896421160245,0.8293524658244046,0.10005910354740821,16,0.9447416279879748,0.9622732235384021,0.9713579438805788,0.9534040114795577,0.9713636347030061,0.9606280883179039,0.010369716818284028
99,0.15347599983215332,0.0065061451465275024,0.005017709732055664,0.0013173214817286498,l2,7.0200000000000005,"{'penalty': 'l2', 'C': 7.0200000000000005}",0.7315297578349795,0.8679175305839911,0.7968511125745006,1.0,0.7782896421160245,0.8349176086218991,0.09347301556585413,4,0.9534040114795577,0.9713579438805788,0.9806673721833482,0.9622732235384021,0.9713636347030061,0.9678132371569786,0.009259768801478548
